USE [OnBoardDataBase]
-- INSERT [dbo].[LineasRemito] ([Medicamento], [Remito], [FechaVencimiento], [Lote], [Cantidad]) VALUES (1, 1, CAST(N'2018-01-02' AS Date), 1, 100)
INSERT [dbo].[Usuarios] ([idUsuario], [nombre], [contrasenia], [mail], [adminGeneral]) VALUES (1, 'Deos', '123', 'deos@mail.com', 1)
INSERT [dbo].[Usuarios] ([idUsuario], [nombre], [contrasenia], [mail], [adminGeneral]) VALUES (2, 'Romy', '123', 'romi_tu_turritah@mail.com', 0)
INSERT [dbo].[Usuarios] ([idUsuario], [nombre], [contrasenia], [mail], [adminGeneral]) VALUES (3, 'Gero', '123', 'gero_mohe2@hotmail.com', 0)
INSERT [dbo].[Usuarios] ([idUsuario], [nombre], [contrasenia], [mail], [adminGeneral]) VALUES (4, 'Magui', '123', 'magui_kpo@mail.com', 0)
INSERT [dbo].[Usuarios] ([idUsuario], [nombre], [contrasenia], [mail], [adminGeneral]) VALUES (5, 'Tony', '123', 'iaforms@mail.com', 0)
INSERT [dbo].[Usuarios] ([idUsuario], [nombre], [contrasenia], [mail], [adminGeneral]) VALUES (6, 'Diego', '123', 'ds.campero@mail.com', 0)
INSERT [dbo].[Usuarios] ([idUsuario], [nombre], [contrasenia], [mail], [adminGeneral]) VALUES (7, 'Franco', '123', 'franco_altovoltaje@mail.com', 0)
INSERT [dbo].[Usuarios] ([idUsuario], [nombre], [contrasenia], [mail], [adminGeneral]) VALUES (8, 'Esclavo1', '123', 'nn1@sovos.com', 0)
INSERT [dbo].[Usuarios] ([idUsuario], [nombre], [contrasenia], [mail], [adminGeneral]) VALUES (9, 'Esclavo2', '123', 'nn2@sovos.com', 0)
INSERT [dbo].[Usuarios] ([idUsuario], [nombre], [contrasenia], [mail], [adminGeneral]) VALUES (10, 'Esclavo3', '123', 'nn3@sovos.com', 0)
GO

--AQUI FALTARIAN LAS CONDICIONES. DEBERIA SER UNA TABLA INTERMEDIA ENTRE LOGROS Y VALORES
INSERT [dbo].[Logros] ([idLogro], [nombre], [descripcion]) VALUES (1, 'Mejor Amigo', 'Obtuviste mas de 100 puntos de un companiero de tu equipo')
INSERT [dbo].[Logros] ([idLogro], [nombre], [descripcion]) VALUES (2, 'Miss Simpatia', 'Obtuviste mas de 100 puntos en el valor de Amistoso')
INSERT [dbo].[Logros] ([idLogro], [nombre], [descripcion]) VALUES (3, 'Ninio Rata', 'Obtuviste un puntaje negativo en el valor Be Collaborative')
INSERT [dbo].[Logros] ([idLogro], [nombre], [descripcion]) VALUES (4, 'SO GROSSO', 'Obtuviste mas de 500 puntos en el valor Be Proffessional')
INSERT [dbo].[Logros] ([idLogro], [nombre], [descripcion]) VALUES (5, 'Reloj Atomico', 'Obtuviste mas de 100 puntos en el valor Puntualidad')
INSERT [dbo].[Logros] ([idLogro], [nombre], [descripcion]) VALUES (6, 'Joven manos de tijera', 'Meter los dedos en el enchufe')
GO

INSERT [dbo].[LogrosUsuarios] ([idLogro], [idUsuario], [fecha]) VALUES (1, 3, CAST(N'2018-01-02' AS Date))
INSERT [dbo].[LogrosUsuarios] ([idLogro], [idUsuario], [fecha]) VALUES (4, 2, CAST(N'2018-01-02' AS Date))
INSERT [dbo].[LogrosUsuarios] ([idLogro], [idUsuario], [fecha]) VALUES (3, 5, CAST(N'2018-01-02' AS Date))
INSERT [dbo].[LogrosUsuarios] ([idLogro], [idUsuario], [fecha]) VALUES (6, 7, CAST(N'2018-01-02' AS Date))
INSERT [dbo].[LogrosUsuarios] ([idLogro], [idUsuario], [fecha]) VALUES (5, 3, CAST(N'2018-01-02' AS Date))
INSERT [dbo].[LogrosUsuarios] ([idLogro], [idUsuario], [fecha]) VALUES (2, 6, CAST(N'2018-01-02' AS Date))
INSERT [dbo].[LogrosUsuarios] ([idLogro], [idUsuario], [fecha]) VALUES (3, 4, CAST(N'2018-01-02' AS Date))
GO

INSERT [dbo].[Empresas] ([idEmpresa], [nombre]) VALUES (1, 'Sovos')
INSERT [dbo].[Empresas] ([idEmpresa], [nombre]) VALUES (2, 'Scania')
GO

INSERT [dbo].[Equipos] ([idEquipo], [nombre], [idEmpresa]) VALUES (1, 'Elephants', 1)
INSERT [dbo].[Equipos] ([idEquipo], [nombre], [idEmpresa]) VALUES (2, 'Octopus', 1)
INSERT [dbo].[Equipos] ([idEquipo], [nombre], [idEmpresa]) VALUES (3, 'Barracudas', 1)
INSERT [dbo].[Equipos] ([idEquipo], [nombre], [idEmpresa]) VALUES (4, 'Managers', 2)
INSERT [dbo].[Equipos] ([idEquipo], [nombre], [idEmpresa]) VALUES (5, 'Programadores', 2)
GO

INSERT [dbo].[UsuariosEquipos] ([idEquipo], [idUsuario], [rol]) VALUES (4, 2, 'adminEquipo')
INSERT [dbo].[UsuariosEquipos] ([idEquipo], [idUsuario], [rol]) VALUES (1, 3, 'adminEquipo')
INSERT [dbo].[UsuariosEquipos] ([idEquipo], [idUsuario], [rol]) VALUES (2, 3, 'adminEquipo')
INSERT [dbo].[UsuariosEquipos] ([idEquipo], [idUsuario], [rol]) VALUES (2, 4, 'usuario')
INSERT [dbo].[UsuariosEquipos] ([idEquipo], [idUsuario], [rol]) VALUES (2, 5, 'usuario')
INSERT [dbo].[UsuariosEquipos] ([idEquipo], [idUsuario], [rol]) VALUES (1, 6, 'usuario')
INSERT [dbo].[UsuariosEquipos] ([idEquipo], [idUsuario], [rol]) VALUES (3, 6, 'adminEquipo')
INSERT [dbo].[UsuariosEquipos] ([idEquipo], [idUsuario], [rol]) VALUES (5, 7, 'adminEquipo')
INSERT [dbo].[UsuariosEquipos] ([idEquipo], [idUsuario], [rol]) VALUES (5, 8, 'usuario')
INSERT [dbo].[UsuariosEquipos] ([idEquipo], [idUsuario], [rol]) VALUES (5, 9, 'usuario')
INSERT [dbo].[UsuariosEquipos] ([idEquipo], [idUsuario], [rol]) VALUES (5, 10, 'usuario')
GO

INSERT [dbo].[Pizarras] ([idPizarra], [titulo], [idEquipo], [fechaInicio], [fechaFin]) VALUES (1, '181201', 1, CAST(N'2018-12-02' AS Date), CAST(N'2018-12-16' AS Date))
INSERT [dbo].[Pizarras] ([idPizarra], [titulo], [idEquipo], [fechaInicio], [fechaFin]) VALUES (2, '181201', 2, CAST(N'2018-12-02' AS Date), CAST(N'2018-12-16' AS Date))
INSERT [dbo].[Pizarras] ([idPizarra], [titulo], [idEquipo], [fechaInicio], [fechaFin]) VALUES (3, '181201', 3, CAST(N'2018-12-02' AS Date), CAST(N'2018-12-16' AS Date))
INSERT [dbo].[Pizarras] ([idPizarra], [titulo], [idEquipo], [fechaInicio], [fechaFin]) VALUES (4, '181202', 1, CAST(N'2018-12-17' AS Date), CAST(N'2018-12-31' AS Date))
INSERT [dbo].[Pizarras] ([idPizarra], [titulo], [idEquipo], [fechaInicio], [fechaFin]) VALUES (5, '181202', 2, CAST(N'2018-12-17' AS Date), CAST(N'2018-12-31' AS Date))
INSERT [dbo].[Pizarras] ([idPizarra], [titulo], [idEquipo], [fechaInicio], [fechaFin]) VALUES (6, '181202', 3, CAST(N'2018-12-17' AS Date), CAST(N'2018-12-31' AS Date))
INSERT [dbo].[Pizarras] ([idPizarra], [titulo], [idEquipo], [fechaInicio], [fechaFin]) VALUES (7, 'Diciembre 18', 4, CAST(N'2018-12-01' AS Date), CAST(N'2018-12-31' AS Date))
INSERT [dbo].[Pizarras] ([idPizarra], [titulo], [idEquipo], [fechaInicio], [fechaFin]) VALUES (8, 'Diciembre 18', 5, CAST(N'2018-12-01' AS Date), CAST(N'2018-12-31' AS Date))
INSERT [dbo].[Pizarras] ([idPizarra], [titulo], [idEquipo], [fechaInicio], [fechaFin]) VALUES (9, 'Enero 19', 4, CAST(N'2019-01-01' AS Date), CAST(N'2019-01-31' AS Date))
INSERT [dbo].[Pizarras] ([idPizarra], [titulo], [idEquipo], [fechaInicio], [fechaFin]) VALUES (10, 'Enero 19', 5, CAST(N'2019-01-01' AS Date), CAST(N'2019-01-31' AS Date))
GO

INSERT [dbo].[Valores] ([idValor], [nombre]) VALUES (1, 'Be Proffessional')
INSERT [dbo].[Valores] ([idValor], [nombre]) VALUES (2, 'Be Collaborative')
INSERT [dbo].[Valores] ([idValor], [nombre]) VALUES (3, 'Be Adaptable')
INSERT [dbo].[Valores] ([idValor], [nombre]) VALUES (4, 'Be MalaLeche')
INSERT [dbo].[Valores] ([idValor], [nombre]) VALUES (5, 'Amistoso')
INSERT [dbo].[Valores] ([idValor], [nombre]) VALUES (6, 'Puntualidad')
INSERT [dbo].[Valores] ([idValor], [nombre]) VALUES (7, 'Creativo')
GO

INSERT [dbo].[EquiposValores] ([idEquipo], [idValor]) VALUES (1, 1)
INSERT [dbo].[EquiposValores] ([idEquipo], [idValor]) VALUES (2, 1)
INSERT [dbo].[EquiposValores] ([idEquipo], [idValor]) VALUES (3, 1)
INSERT [dbo].[EquiposValores] ([idEquipo], [idValor]) VALUES (1, 2)
INSERT [dbo].[EquiposValores] ([idEquipo], [idValor]) VALUES (2, 2)
INSERT [dbo].[EquiposValores] ([idEquipo], [idValor]) VALUES (3, 2)
INSERT [dbo].[EquiposValores] ([idEquipo], [idValor]) VALUES (1, 3)
INSERT [dbo].[EquiposValores] ([idEquipo], [idValor]) VALUES (2, 3)
INSERT [dbo].[EquiposValores] ([idEquipo], [idValor]) VALUES (3, 3)
INSERT [dbo].[EquiposValores] ([idEquipo], [idValor]) VALUES (2, 4)
INSERT [dbo].[EquiposValores] ([idEquipo], [idValor]) VALUES (4, 5)
INSERT [dbo].[EquiposValores] ([idEquipo], [idValor]) VALUES (5, 5)
INSERT [dbo].[EquiposValores] ([idEquipo], [idValor]) VALUES (4, 6)
INSERT [dbo].[EquiposValores] ([idEquipo], [idValor]) VALUES (5, 6)
INSERT [dbo].[EquiposValores] ([idEquipo], [idValor]) VALUES (5, 7)
GO

INSERT [dbo].[Notas] ([idNota], [idPizarra], [idAutor], [idDestinatario], [idValor], [descripcion], [puntuacion]) VALUES (1, 2, 3, 4, 4, 'Por no contarme las horas extras', 1)
INSERT [dbo].[Notas] ([idNota], [idPizarra], [idAutor], [idDestinatario], [idValor], [puntuacion]) VALUES (2, 1, 5, 4, 4, 1)
INSERT [dbo].[Notas] ([idNota], [idPizarra], [idAutor], [idDestinatario], [idValor], [descripcion], [puntuacion]) VALUES (3, 2, 3, 5, 2, 'No entendi la explicacion que me diste', -1)
INSERT [dbo].[Notas] ([idNota], [idPizarra], [idAutor], [idDestinatario], [idValor], [descripcion], [puntuacion]) VALUES (4, 2, 6, 4, 1, 'Muy buenas las diapos que hiciste', 1)
INSERT [dbo].[Notas] ([idNota], [idPizarra], [idAutor], [idDestinatario], [idValor], [descripcion], [puntuacion]) VALUES (5, 1, 3, 6, 1, 'Aprendiste rapido', 1)
INSERT [dbo].[Notas] ([idNota], [idPizarra], [idAutor], [idDestinatario], [idValor], [descripcion], [puntuacion]) VALUES (6, 1, 3, 6, 3, 'Te adecuaste rapido al cambio de equipo', 1)
INSERT [dbo].[Notas] ([idNota], [idPizarra], [idAutor], [idDestinatario], [idValor], [descripcion], [puntuacion]) VALUES (7, 1, 5, 3, 1, 'Holvidar de schedulear la mitin', -1)
INSERT [dbo].[Notas] ([idNota], [idPizarra], [idAutor], [idDestinatario], [idValor], [descripcion], [puntuacion]) VALUES (8, 3, 4, 6, 1, 'No agregaste a nadie a tu equipo en esta app', -1)
INSERT [dbo].[Notas] ([idNota], [idPizarra], [idAutor], [idDestinatario], [idValor], [puntuacion]) VALUES (9, 4, 6, 3, 2, 1)
INSERT [dbo].[Notas] ([idNota], [idPizarra], [idAutor], [idDestinatario], [idValor], [descripcion], [puntuacion]) VALUES (10, 4, 5, 3, 1, 'Este ves si scheduleaste la mitink', 1)
INSERT [dbo].[Notas] ([idNota], [idPizarra], [idAutor], [idDestinatario], [idValor], [descripcion], [puntuacion]) VALUES (11, 5, 3, 4, 4, 'Por no contarme las horas extras', 1)
INSERT [dbo].[Notas] ([idNota], [idPizarra], [idAutor], [idDestinatario], [idValor], [descripcion], [puntuacion]) VALUES (12, 5, 5, 4, 4, 'No me avisaste del deploy del martes', 1)
INSERT [dbo].[Notas] ([idNota], [idPizarra], [idAutor], [idDestinatario], [idValor], [descripcion], [puntuacion]) VALUES (13, 5, 6, 5, 1, 'No se dirige a mi apropiadamente', -1)
INSERT [dbo].[Notas] ([idNota], [idPizarra], [idAutor], [idDestinatario], [idValor], [descripcion], [puntuacion]) VALUES (14, 6, 3, 6, 1, 'Seguis sin agregar a tu equipo a la app', -1)

INSERT [dbo].[Notas] ([idNota], [idPizarra], [idAutor], [idDestinatario], [idValor], [descripcion], [puntuacion]) VALUES (15, 7, 2, 7, 5, 'Fortalecimos mucho nuestros lazos de amistad despues de que casi moris electrocutado', 1)
INSERT [dbo].[Notas] ([idNota], [idPizarra], [idAutor], [idDestinatario], [idValor], [descripcion], [puntuacion]) VALUES (16, 8, 7, 8, 6, 'Siempre sos el primero en llegar', 1)
INSERT [dbo].[Notas] ([idNota], [idPizarra], [idAutor], [idDestinatario], [idValor], [descripcion], [puntuacion]) VALUES (17, 8, 9, 10, 5, 'No sonreis nunca', -1)
INSERT [dbo].[Notas] ([idNota], [idPizarra], [idAutor], [idDestinatario], [idValor], [descripcion], [puntuacion]) VALUES (18, 8, 10, 9, 5, 'Tu vieja', -1)
INSERT [dbo].[Notas] ([idNota], [idPizarra], [idAutor], [idDestinatario], [idValor], [descripcion], [puntuacion]) VALUES (19, 8, 10, 9, 5, 'Tu vieja', -1)
INSERT [dbo].[Notas] ([idNota], [idPizarra], [idAutor], [idDestinatario], [idValor], [descripcion], [puntuacion]) VALUES (20, 8, 10, 9, 5, 'Tu vieja', -1)
INSERT [dbo].[Notas] ([idNota], [idPizarra], [idAutor], [idDestinatario], [idValor], [descripcion], [puntuacion]) VALUES (21, 8, 10, 9, 5, 'Tu vieja', -1)
INSERT [dbo].[Notas] ([idNota], [idPizarra], [idAutor], [idDestinatario], [idValor], [descripcion], [puntuacion]) VALUES (22, 9, 7, 2, 5, 'Gracias', 1)
INSERT [dbo].[Notas] ([idNota], [idPizarra], [idAutor], [idDestinatario], [idValor], [descripcion], [puntuacion]) VALUES (23, 9, 7, 2, 6, 'Levantate mas temprano', -1)
INSERT [dbo].[Notas] ([idNota], [idPizarra], [idAutor], [idDestinatario], [idValor], [descripcion], [puntuacion]) VALUES (24, 10, 7, 8, 7, 'Muy buena idea para resolver el login', 1)
INSERT [dbo].[Notas] ([idNota], [idPizarra], [idAutor], [idDestinatario], [idValor], [descripcion], [puntuacion]) VALUES (25, 10, 2, 8, 7, 'Nos salvaste mucho esfuerzo! Bien hecho!', 1)
INSERT [dbo].[Notas] ([idNota], [idPizarra], [idAutor], [idDestinatario], [idValor], [descripcion], [puntuacion]) VALUES (26, 10, 9, 8, 7, 'CRACK!', 1)
INSERT [dbo].[Notas] ([idNota], [idPizarra], [idAutor], [idDestinatario], [idValor], [descripcion], [puntuacion]) VALUES (27, 10, 10, 8, 7, 'Tu vieja', 1)
INSERT [dbo].[Notas] ([idNota], [idPizarra], [idAutor], [idDestinatario], [idValor], [descripcion], [puntuacion]) VALUES (28, 10, 10, 8, 7, 'Nah mentira, muy buena idea. Idolo!', 1)
GO

INSERT [dbo].[UsuariosEmpresas] ([idEmpresa], [idUsuario], [rol]) VALUES (2, 2, 'adminEmpresa')
INSERT [dbo].[UsuariosEmpresas] ([idEmpresa], [idUsuario], [rol]) VALUES (1, 3, 'adminEmpresa')
INSERT [dbo].[UsuariosEmpresas] ([idEmpresa], [idUsuario], [rol]) VALUES (1, 4, 'usuario')
INSERT [dbo].[UsuariosEmpresas] ([idEmpresa], [idUsuario], [rol]) VALUES (1, 5, 'usuario')
INSERT [dbo].[UsuariosEmpresas] ([idEmpresa], [idUsuario], [rol]) VALUES (1, 6, 'usuario')
INSERT [dbo].[UsuariosEmpresas] ([idEmpresa], [idUsuario], [rol]) VALUES (2, 7, 'usuario')
INSERT [dbo].[UsuariosEmpresas] ([idEmpresa], [idUsuario], [rol]) VALUES (2, 8, 'usuario')
INSERT [dbo].[UsuariosEmpresas] ([idEmpresa], [idUsuario], [rol]) VALUES (2, 9, 'usuario')
INSERT [dbo].[UsuariosEmpresas] ([idEmpresa], [idUsuario], [rol]) VALUES (2, 10, 'usuario')
GO

INSERT [dbo].[EmpresasValores] ([idEmpresa], [idValor]) VALUES (1, 1)
INSERT [dbo].[EmpresasValores] ([idEmpresa], [idValor]) VALUES (1, 2)
INSERT [dbo].[EmpresasValores] ([idEmpresa], [idValor]) VALUES (1, 3)
INSERT [dbo].[EmpresasValores] ([idEmpresa], [idValor]) VALUES (2, 5)
INSERT [dbo].[EmpresasValores] ([idEmpresa], [idValor]) VALUES (2, 6)
GO
